"PackageName","PackageState","ReleaseType","InstallTime","Path","Online","WinPath","SysDrivePath","RestartNeeded","LogPath","ScratchDirectory","LogLevel"
"Microsoft-OneCore-ApplicationModel-Sync-Desktop-FOD-Package~31bf3856ad364e35~amd64~~10.0.19041.1503","Installed","OnDemandPack","3/18/2022 7:40:00 PM",,"True",,,"False","C:\Windows\Logs\DISM\dism.log",,"WarningsInfo"
"Microsoft-OneCore-DirectX-Database-FOD-Package~31bf3856ad364e35~amd64~~10.0.19041.1","Installed","OnDemandPack","12/7/2019 9:53:00 PM",,"True",,,"False","C:\Windows\Logs\DISM\dism.log",,"WarningsInfo"
"Microsoft-Windows-Client-LanguagePack-Package~31bf3856ad364e35~amd64~en-US~10.0.19041.1586","Installed","LanguagePack","3/18/2022 7:40:00 PM",,"True",,,"False","C:\Windows\Logs\DISM\dism.log",,"WarningsInfo"
"Microsoft-Windows-FodMetadata-Package~31bf3856ad364e35~amd64~~10.0.19041.1","Installed","FeaturePack","12/7/2019 9:50:00 PM",,"True",,,"False","C:\Windows\Logs\DISM\dism.log",,"WarningsInfo"
"Microsoft-Windows-Foundation-Package~31bf3856ad364e35~amd64~~10.0.19041.1","Installed","Foundation","12/7/2019 9:18:00 PM",,"True",,,"False","C:\Windows\Logs\DISM\dism.log",,"WarningsInfo"
"Microsoft-Windows-Hello-Face-Package~31bf3856ad364e35~amd64~~10.0.19041.1348","Installed","OnDemandPack","3/18/2022 7:40:00 PM",,"True",,,"False","C:\Windows\Logs\DISM\dism.log",,"WarningsInfo"
"Microsoft-Windows-InternetExplorer-Optional-Package~31bf3856ad364e35~amd64~~11.0.19041.1566","Installed","OnDemandPack","3/18/2022 7:40:00 PM",,"True",,,"False","C:\Windows\Logs\DISM\dism.log",,"WarningsInfo"
"Microsoft-Windows-LanguageFeatures-Basic-en-us-Package~31bf3856ad364e35~amd64~~10.0.19041.1","Installed","OnDemandPack","12/7/2019 9:52:00 PM",,"True",,,"False","C:\Windows\Logs\DISM\dism.log",,"WarningsInfo"
"Microsoft-Windows-LanguageFeatures-Handwriting-en-us-Package~31bf3856ad364e35~amd64~~10.0.19041.1","Installed","OnDemandPack","12/7/2019 9:52:00 PM",,"True",,,"False","C:\Windows\Logs\DISM\dism.log",,"WarningsInfo"
"Microsoft-Windows-LanguageFeatures-OCR-en-us-Package~31bf3856ad364e35~amd64~~10.0.19041.1","Installed","OnDemandPack","12/7/2019 9:52:00 PM",,"True",,,"False","C:\Windows\Logs\DISM\dism.log",,"WarningsInfo"
"Microsoft-Windows-LanguageFeatures-Speech-en-us-Package~31bf3856ad364e35~amd64~~10.0.19041.1","Installed","OnDemandPack","12/7/2019 9:52:00 PM",,"True",,,"False","C:\Windows\Logs\DISM\dism.log",,"WarningsInfo"
"Microsoft-Windows-LanguageFeatures-TextToSpeech-en-us-Package~31bf3856ad364e35~amd64~~10.0.19041.1","Installed","OnDemandPack","12/7/2019 9:52:00 PM",,"True",,,"False","C:\Windows\Logs\DISM\dism.log",,"WarningsInfo"
"Microsoft-Windows-MediaPlayer-Package~31bf3856ad364e35~amd64~~10.0.19041.1586","Installed","OnDemandPack","3/18/2022 7:40:00 PM",,"True",,,"False","C:\Windows\Logs\DISM\dism.log",,"WarningsInfo"
"Microsoft-Windows-MSPaint-FoD-Package~31bf3856ad364e35~amd64~~10.0.19041.746","Installed","OnDemandPack","10/6/2021 1:57:00 PM",,"True",,,"False","C:\Windows\Logs\DISM\dism.log",,"WarningsInfo"
"Microsoft-Windows-MSPaint-FoD-Package~31bf3856ad364e35~amd64~en-US~10.0.19041.1","Installed","OnDemandPack","12/7/2019 9:52:00 PM",,"True",,,"False","C:\Windows\Logs\DISM\dism.log",,"WarningsInfo"
"Microsoft-Windows-MSPaint-FoD-Package~31bf3856ad364e35~wow64~~10.0.19041.1","Installed","OnDemandPack","12/7/2019 9:52:00 PM",,"True",,,"False","C:\Windows\Logs\DISM\dism.log",,"WarningsInfo"
"Microsoft-Windows-MSPaint-FoD-Package~31bf3856ad364e35~wow64~en-US~10.0.19041.1","Installed","OnDemandPack","12/7/2019 9:52:00 PM",,"True",,,"False","C:\Windows\Logs\DISM\dism.log",,"WarningsInfo"
"Microsoft-Windows-Notepad-FoD-Package~31bf3856ad364e35~amd64~~10.0.19041.1566","Installed","OnDemandPack","3/18/2022 7:40:00 PM",,"True",,,"False","C:\Windows\Logs\DISM\dism.log",,"WarningsInfo"
"Microsoft-Windows-Notepad-FoD-Package~31bf3856ad364e35~amd64~en-US~10.0.19041.488","Installed","OnDemandPack","10/6/2021 1:57:00 PM",,"True",,,"False","C:\Windows\Logs\DISM\dism.log",,"WarningsInfo"
"Microsoft-Windows-Notepad-FoD-Package~31bf3856ad364e35~wow64~~10.0.19041.1","Installed","OnDemandPack","12/7/2019 9:52:00 PM",,"True",,,"False","C:\Windows\Logs\DISM\dism.log",,"WarningsInfo"
"Microsoft-Windows-Notepad-FoD-Package~31bf3856ad364e35~wow64~en-US~10.0.19041.1","Installed","OnDemandPack","12/7/2019 9:52:00 PM",,"True",,,"False","C:\Windows\Logs\DISM\dism.log",,"WarningsInfo"
"Microsoft-Windows-PowerShell-ISE-FOD-Package~31bf3856ad364e35~amd64~~10.0.19041.1","Installed","OnDemandPack","12/7/2019 9:53:00 PM",,"True",,,"False","C:\Windows\Logs\DISM\dism.log",,"WarningsInfo"
"Microsoft-Windows-PowerShell-ISE-FOD-Package~31bf3856ad364e35~amd64~en-US~10.0.19041.1","Installed","OnDemandPack","12/7/2019 9:53:00 PM",,"True",,,"False","C:\Windows\Logs\DISM\dism.log",,"WarningsInfo"
"Microsoft-Windows-PowerShell-ISE-FOD-Package~31bf3856ad364e35~wow64~~10.0.19041.1","Installed","OnDemandPack","12/7/2019 9:53:00 PM",,"True",,,"False","C:\Windows\Logs\DISM\dism.log",,"WarningsInfo"
"Microsoft-Windows-PowerShell-ISE-FOD-Package~31bf3856ad364e35~wow64~en-US~10.0.19041.1","Installed","OnDemandPack","12/7/2019 9:53:00 PM",,"True",,,"False","C:\Windows\Logs\DISM\dism.log",,"WarningsInfo"
"Microsoft-Windows-Printing-PMCPPC-FoD-Package~31bf3856ad364e35~amd64~~10.0.19041.1","Installed","OnDemandPack","12/7/2019 9:54:00 PM",,"True",,,"False","C:\Windows\Logs\DISM\dism.log",,"WarningsInfo"
"Microsoft-Windows-Printing-PMCPPC-FoD-Package~31bf3856ad364e35~amd64~en-US~10.0.19041.1","Installed","OnDemandPack","12/7/2019 9:54:00 PM",,"True",,,"False","C:\Windows\Logs\DISM\dism.log",,"WarningsInfo"
"Microsoft-Windows-Printing-WFS-FoD-Package~31bf3856ad364e35~amd64~~10.0.19041.1586","Installed","OnDemandPack","3/18/2022 7:40:00 PM",,"True",,,"False","C:\Windows\Logs\DISM\dism.log",,"WarningsInfo"
"Microsoft-Windows-Printing-WFS-FoD-Package~31bf3856ad364e35~amd64~en-US~10.0.19041.906","Installed","OnDemandPack","10/6/2021 1:57:00 PM",,"True",,,"False","C:\Windows\Logs\DISM\dism.log",,"WarningsInfo"
"Microsoft-Windows-QuickAssist-Package~31bf3856ad364e35~amd64~~10.0.19041.1566","Installed","OnDemandPack","3/18/2022 7:40:00 PM",,"True",,,"False","C:\Windows\Logs\DISM\dism.log",,"WarningsInfo"
"Microsoft-Windows-StepsRecorder-Package~31bf3856ad364e35~amd64~~10.0.19041.746","Installed","OnDemandPack","10/6/2021 1:57:00 PM",,"True",,,"False","C:\Windows\Logs\DISM\dism.log",,"WarningsInfo"
"Microsoft-Windows-StepsRecorder-Package~31bf3856ad364e35~amd64~en-US~10.0.19041.1","Installed","OnDemandPack","12/7/2019 9:53:00 PM",,"True",,,"False","C:\Windows\Logs\DISM\dism.log",,"WarningsInfo"
"Microsoft-Windows-StepsRecorder-Package~31bf3856ad364e35~wow64~~10.0.19041.1","Installed","OnDemandPack","12/7/2019 9:53:00 PM",,"True",,,"False","C:\Windows\Logs\DISM\dism.log",,"WarningsInfo"
"Microsoft-Windows-StepsRecorder-Package~31bf3856ad364e35~wow64~en-US~10.0.19041.1","Installed","OnDemandPack","12/7/2019 9:53:00 PM",,"True",,,"False","C:\Windows\Logs\DISM\dism.log",,"WarningsInfo"
"Microsoft-Windows-TabletPCMath-Package~31bf3856ad364e35~amd64~~10.0.19041.746","Installed","OnDemandPack","10/6/2021 1:57:00 PM",,"True",,,"False","C:\Windows\Logs\DISM\dism.log",,"WarningsInfo"
"Microsoft-Windows-UserExperience-Desktop-Package~31bf3856ad364e35~amd64~~10.0.19041.1503","Installed","OnDemandPack","3/18/2022 7:40:00 PM",,"True",,,"False","C:\Windows\Logs\DISM\dism.log",,"WarningsInfo"
"Microsoft-Windows-WordPad-FoD-Package~31bf3856ad364e35~amd64~~10.0.19041.1566","Installed","OnDemandPack","3/18/2022 7:40:00 PM",,"True",,,"False","C:\Windows\Logs\DISM\dism.log",,"WarningsInfo"
"Microsoft-Windows-WordPad-FoD-Package~31bf3856ad364e35~amd64~en-US~10.0.19041.1","Installed","OnDemandPack","12/7/2019 9:53:00 PM",,"True",,,"False","C:\Windows\Logs\DISM\dism.log",,"WarningsInfo"
"Microsoft-Windows-WordPad-FoD-Package~31bf3856ad364e35~wow64~~10.0.19041.1","Installed","OnDemandPack","12/7/2019 9:53:00 PM",,"True",,,"False","C:\Windows\Logs\DISM\dism.log",,"WarningsInfo"
"Microsoft-Windows-WordPad-FoD-Package~31bf3856ad364e35~wow64~en-US~10.0.19041.1","Installed","OnDemandPack","12/7/2019 9:53:00 PM",,"True",,,"False","C:\Windows\Logs\DISM\dism.log",,"WarningsInfo"
"OpenSSH-Client-Package~31bf3856ad364e35~amd64~~10.0.19041.964","Installed","OnDemandPack","10/6/2021 1:57:00 PM",,"True",,,"False","C:\Windows\Logs\DISM\dism.log",,"WarningsInfo"
"Package_for_DotNetRollup~31bf3856ad364e35~amd64~~10.0.4400.1","Superseded","Update","10/6/2021 1:45:00 PM",,"True",,,"False","C:\Windows\Logs\DISM\dism.log",,"WarningsInfo"
"Package_for_DotNetRollup~31bf3856ad364e35~amd64~~10.0.4488.1","Installed","Update","3/18/2022 7:29:00 PM",,"True",,,"False","C:\Windows\Logs\DISM\dism.log",,"WarningsInfo"
"Package_for_KB5003791~31bf3856ad364e35~amd64~~19041.1237.1.3","Installed","Update","10/6/2021 1:45:00 PM",,"True",,,"False","C:\Windows\Logs\DISM\dism.log",,"WarningsInfo"
"Package_for_RollupFix~31bf3856ad364e35~amd64~~19041.1586.1.7","Installed","SecurityUpdate","3/18/2022 7:40:00 PM",,"True",,,"False","C:\Windows\Logs\DISM\dism.log",,"WarningsInfo"
"Package_for_ServicingStack_1525~31bf3856ad364e35~amd64~~19041.1525.1.0","Installed","SecurityUpdate","3/18/2022 7:30:00 PM",,"True",,,"False","C:\Windows\Logs\DISM\dism.log",,"WarningsInfo"
"Package_for_ServicingStack~31bf3856ad364e35~amd64~~19041.1220.1.0","Installed","SecurityUpdate","10/6/2021 1:45:00 PM",,"True",,,"False","C:\Windows\Logs\DISM\dism.log",,"WarningsInfo"
"Package_for_ServicingStack~31bf3856ad364e35~amd64~~19041.985.1.1","Superseded","SecurityUpdate","10/6/2021 1:44:00 PM",,"True",,,"False","C:\Windows\Logs\DISM\dism.log",,"WarningsInfo"
