"IdentifyingNumber","Vendor","Name","Version","Caption"
"{5016990D-7F61-4A20-9451-A915D6616DD9}","Microsoft Corporation","Microsoft Update Health Tools","3.66.0.0","Microsoft Update Health Tools"
"{6E2C7A8E-B17A-4637-9CE9-F0B1157CF378}","Microsoft Corporation","Microsoft Visual C++ 2019 X64 Additional Runtime - 14.22.27821","14.22.27821","Microsoft Visual C++ 2019 X64 Additional Runtime - 14.22.27821"
"{0093C20C-273D-4397-B623-515CB8616CB9}","Microsoft Corporation","Microsoft Visual C++ 2019 X64 Minimum Runtime - 14.22.27821","14.22.27821","Microsoft Visual C++ 2019 X64 Minimum Runtime - 14.22.27821"
"{3BDE80F7-7EC9-448E-8160-4ADA0CDA8879}","Microsoft Corporation","Microsoft Visual C++ 2019 X86 Additional Runtime - 14.22.27821","14.22.27821","Microsoft Visual C++ 2019 X86 Additional Runtime - 14.22.27821"
"{1E6FC929-567E-4D22-9206-C5B83F0A21B9}","Microsoft Corporation","Microsoft Visual C++ 2019 X86 Minimum Runtime - 14.22.27821","14.22.27821","Microsoft Visual C++ 2019 X86 Minimum Runtime - 14.22.27821"
"{2355B503-9B11-4449-861D-1C1748B26320}","Realtek Semiconductor Corp.","Realtek Audio COM Components","1.0.2","Realtek Audio COM Components"
